{
  "best_model": "xgboost",
  "r2_score": 0.9369542355362968,
  "features": [
    "temperature_2m",
    "relative_humidity_2m",
    "wind_speed_10m",
    "aqi",
    "aqi_change",
    "aqi_lag_1",
    "aqi_lag_2",
    "aqi_lag_3",
    "aqi_rolling_3h",
    "aqi_rolling_6h",
    "hour",
    "day",
    "month",
    "weekday"
  ],
  "all_models": {
    "random_forest": {
      "mae": 2.1511528604118975,
      "rmse": 3.065763117553596,
      "r2": 0.9326954471488873
    },
    "ridge": {
      "mae": 2.1766583408195146,
      "rmse": 3.075912798066521,
      "r2": 0.932249065306117
    },
    "xgboost": {
      "mae": 2.129568208393297,
      "rmse": 2.967182993068708,
      "r2": 0.9369542355362968
    }
  }
}